Power Station,January,February,March,April,May,June,July,August,September,October,November,December
0,0.0,0.0,0.0,0.0,0.0,0.0,0.0,0.0,0.0,15.569840909090908,0.0,0.0
ABAN POWR,1.1105806451612905,1.025531914893617,0.951214953271028,1.0376666666666667,1.0610483870967742,1.0465333333333333,1.0868831168831168,1.0544516129032258,1.0,1.1169090909090909,1.1506703910614524,1.2292090395480226
ACB,4.518387096774194,5.205602836879432,5.035747663551402,4.682583333333333,5.203064516129031,5.402266666666667,5.327467532467532,4.976838709677419,5.218222222222222,5.094121212121212,5.103854748603352,5.003446327683616
ACPL,0.0,0.0,0.0,0.0,0.0,0.0,0.0,0.0,0.0,0.0,0.0,0.0
ADHPL,0.01967741935483871,0.02723404255319149,0.059299065420560744,0.5194166666666666,1.927983870967742,3.295533333333333,4.307207792207792,3.680774193548387,1.9964444444444445,0.8124848484848485,0.12234636871508381,-0.0172316384180791
ADHUNIK,8.616193548387097,8.85531914893617,8.987102803738317,7.428166666666667,8.415483870967742,9.3826,8.015844155844157,8.587096774193549,9.028444444444444,8.408606060606061,8.812737430167598,9.04406779661017
AEML,7.429569892473118,10.629764705882353,10.679671052631578,10.985999999999999,10.631774193548386,11.07188888888889,11.051847826086956,10.516881720430108,10.858444444444444,10.866136363636365,10.585,8.538434782608695
AHPC (GVK),0.9747096774193549,0.7868085106382978,0.7157943925233645,1.142,1.895967741935484,5.2808,7.012987012987013,6.966064516129032,6.480611111111111,2.7733333333333334,1.4196089385474862,0.9457627118644069
AMNEPL,0.0,0.0,0.0,0.0,0.0,0.0,0.0,0.0,0.0,0.0,0.0,0.0
APCPL,15.78006451612903,16.72858156028369,18.200654205607478,15.116666666666667,15.653306451612902,16.879266666666666,15.053051948051948,16.21541935483871,15.805333333333333,15.088484848484848,14.041731843575418,15.680960451977402
APGPCL,1.4833548387096773,1.403900709219858,1.3182242990654207,1.4166666666666667,1.496048387096774,1.5437333333333334,1.518116883116883,1.5078709677419355,1.2734444444444444,1.0342424242424242,1.5589385474860336,1.4996045197740113
APL,80.98570967741935,84.0281914893617,83.54490654205608,81.39045833333333,82.63040322580645,78.8595,76.42902597402598,72.83090322580645,78.27961111111111,78.74624242424242,76.67857541899441,76.32717514124293
Andaman & Nicobar Islands,0.13,0.1274468085106383,0.10663551401869159,0.105,0.1225,0.08399999999999999,0.10603896103896106,0.10400000000000001,0.09644444444444444,0.11745945945945946,0.09743016759776538,0.12129943502824858
Andhra Pradesh,92.85016528925621,97.47702127659575,96.38758620689656,101.013,96.64172043010753,96.3275,92.69219512195122,98.60467741935483,94.7832,93.72701298701298,85.44053691275167,88.76712328767124
Andhra Pradesh.,94.81588235294119,0.0,93.07181818181817,95.35300000000001,91.9574193548387,83.41633333333333,63.943548387096776,74.36516129032259,89.466,87.8167741935484,79.994,94.64935483870968
Assam,2.6856129032258065,2.7036170212765955,2.455981308411215,2.9495,3.185725806451613,4.084266666666666,4.599545454545455,4.709935483870968,4.774222222222222,3.9041621621621623,3.162849162011173,2.942485875706215
BALCO,7.849741935483872,8.01127659574468,7.839672897196262,8.501666666666667,8.277177419354839,7.457800000000001,7.397077922077923,8.035225806451614,7.612611111111111,7.696363636363637,7.783743016759776,7.433898305084745
BBMB,17.807741935483868,18.423058823529413,18.84723684210526,19.0365,27.284193548387094,35.11077777777778,36.94304347826087,38.78504065040651,35.757333333333335,23.194326923076922,20.388666666666666,19.69669565217391
BELLARY,0.0,0.0,0.0,0.0,0.0,0.0,0.0,0.0,0.0,0.0,0.0,0.0
BEPL,3.614774193548387,2.3110638297872343,1.2122429906542056,4.82775,4.649193548387097,4.243666666666666,4.090194805194805,2.7514838709677423,2.231777777777778,2.3282424242424242,2.446312849162011,3.557118644067797
BIPL,0.0,0.0,0.0,0.0,0.0,0.0,0.0,0.0,0.0,0.0,0.0,0.0
BLAPPL,0.15516129032258064,0.1224822695035461,-0.16233644859813082,0.3614166666666667,0.3838709677419355,0.29686666666666667,0.30363636363636365,-0.1345806451612903,0.3571666666666667,0.1755151515151515,0.41508379888268154,0.282542372881356
BRBCL,11.068451612903225,10.91595744680851,10.430794392523365,11.826083333333333,11.898387096774194,11.109,10.238441558441558,8.874645161290323,8.797722222222221,11.044727272727274,11.26927374301676,11.827005649717515
BSES  AP,0.0,0.0,0.0,0.0,0.0,0.0,0.0,0.0,0.0,0.0,0.0,0.0
BSES(C),0.0,0.0,0.0,0.0,0.0,0.0,0.0,0.0,0.0,0.0,0.0,0.0
BSES(P),0.0,0.0,0.0,0.0,0.0,-0.12516666666666668,0.0,0.0,0.0,0.0,0.0,0.0
Bihar,1.16,1.18,1.1106451612903225,-0.3863333333333333,-0.177741935483871,0.0,0.0,0.0,0.56,1.9777049180327868,1.9779661016949153,1.965
CEPL,10.447741935483872,12.831702127659574,11.865934579439251,11.913666666666666,10.147338709677419,10.999400000000001,8.461818181818183,9.260645161290324,11.756611111111111,11.585878787878789,11.543854748603351,10.432598870056497
CESC,16.221225806451613,17.19567375886525,16.681028037383175,16.629083333333334,16.72766129032258,17.167533333333335,16.81590909090909,16.447483870967744,16.61277777777778,16.398060606060604,13.510837988826816,12.869322033898305
CGPL,64.94296774193548,76.37042553191489,78.57780373831777,65.52416666666666,59.347096774193545,59.19,62.21058441558442,64.46787096774194,70.99633333333334,67.8190303030303,58.68184357541899,59.13022598870056
CLPINDIA,0.2713548387096774,0.2641843971631206,0.2016355140186916,0.12925,0.10540322580645162,0.13666666666666666,0.09285714285714286,0.12741935483870967,0.16116666666666665,0.14587878787878789,0.2011173184357542,0.21333333333333332
CPL,0.0,0.0,0.0,0.0,0.0,0.0,0.0,0.0,0.0,0.0,0.0,0.0
Chhatisgarh,53.444322580645164,54.097801418439715,57.76733644859814,57.313250000000004,56.711612903225806,56.95653333333333,57.350259740259744,57.22309677419355,53.463944444444444,55.46048648648649,54.60217877094973,54.66994350282486
DAE,0.0,0.0,0.0,0.0,0.0,0.0,0.0,0.0,0.0,0.0,0.0,0.0
DBPCL,18.79206451612903,19.169290780141843,18.68214953271028,20.9635,20.573225806451614,20.270733333333336,15.844545454545454,16.91458064516129,19.328388888888888,17.816545454545455,18.766927374301677,18.097514124293788
DEPL,0.021096774193548388,-0.003971631205673759,-0.022056074766355144,-0.0020833333333333333,0.3579838709677419,1.3791333333333333,2.047142857142857,2.049870967741936,2.2154634146341463,1.6995151515151516,0.3035195530726257,0.02903954802259887
DIL,4.3132758620689655,6.4158928571428575,5.841666666666667,5.798500000000001,5.8906451612903235,5.780333333333333,5.824754098360656,5.852096774193548,5.799666666666667,5.757380952380952,3.9856666666666665,4.881132075471698
DIPL,4.860927835051546,4.939647058823529,5.206883116883117,5.579,5.535806451612903,6.026000000000001,5.777096774193549,5.667741935483871,5.114999999999999,5.101788617886179,4.803193277310925,4.421451612903225
DLHP,0.07329032258064518,0.03531914893617021,-0.14948598130841123,-0.03075,0.024112903225806455,-0.11546666666666666,0.009610389610389613,-0.1530967741935484,-0.0995,-0.03109090909090909,0.0,0.0280225988700565
DPSCLTD,0.0,0.0,0.0,0.0,0.0,0.0,0.0,0.0,0.0,0.0,0.0,0.0
DVC,101.4278064516129,103.01283687943263,101.58757009345794,109.80983333333333,106.50774193548386,106.21233333333333,101.15441558441559,102.89187096774194,100.48033333333333,103.04521212121212,99.68195530726257,100.75265536723164
Delhi,14.803225806451612,14.19709219858156,13.087663551401867,14.917499999999999,15.568225806451613,15.970266666666667,16.09103896103896,16.08109677419355,15.257722222222222,15.343675675675675,14.721284916201117,15.168926553672318
E.P.P.L.,-0.10206451612903227,-0.030425531914893618,-0.06420560747663552,0.06225000000000001,0.5781451612903226,1.2716666666666667,1.8299999999999998,1.774774193548387,1.2462222222222221,0.20624242424242425,-0.09324022346368716,-0.11779661016949153
EPGL,7.940709677419354,7.174326241134751,5.032523364485981,9.168333333333333,8.907580645161291,9.4528,6.831428571428571,6.829225806451613,7.998777777777778,8.443575757575758,8.981899441340783,8.350734463276837
ESSAR,0.0,0.0,0.0,0.0,0.0,0.0,0.0,0.0,0.0,-0.0031515151515151517,0.0,0.0
ESSARPMPL,8.763548387096774,8.852836879432624,10.249158878504673,12.118,11.88758064516129,12.791733333333333,10.944935064935065,10.939741935483871,10.210944444444445,11.087090909090909,11.065083798882682,10.965423728813558
GAUTAMI,0.0,0.0,0.0,0.0,0.0,0.0,0.0,0.0,0.0,0.0,0.0,0.0
GBHPPL,-0.024387096774193547,-0.03120567375886525,-0.10065420560747664,0.15608333333333332,0.5108064516129033,0.7850666666666667,0.8505844155844157,0.8870967741935484,0.6423333333333333,-0.09163636363636363,-0.03592178770949721,-0.009491525423728813
GCEL,5.91058064516129,6.000780141843972,3.797383177570094,14.767249999999999,15.136693548387097,14.284466666666667,8.297272727272727,8.734322580645161,8.689777777777778,7.6672121212121205,8.17195530726257,7.868022598870057
GEPL,0.0,0.0,0.0,0.0,0.0,0.0,0.0,0.0,0.0,0.0,0.0,0.0
GIPCL,9.937870967741937,10.381063829787234,10.113691588785047,9.478666666666667,8.941854838709677,7.9006,7.559415584415585,6.799096774193548,8.790000000000001,9.641030303030304,9.405307262569831,9.376553672316385
GIPL,0.6447177419354839,0.7261504424778762,0.526912568306011,0.6943888888888888,0.9759139784946237,1.1937692307692307,1.4333574007220218,1.4462724014336916,1.4185666666666668,1.184907063197026,0.7218060200668897,0.5936986301369862
GISL,0.13903225806451613,0.1960714285714286,-0.010806451612903225,0.05,0.6735483870967741,1.32475,1.673548387096774,1.617741935483871,1.901166666666667,1.0824590163934427,0.13576271186440678,0.05596774193548387
GMR BHHPL,0.48,1.39,2.29,1.335,1.29,0.8899999999999999,2.1080434782608695,0.5574193548387096,0.3001111111111111,0.2284931506849315,0.14522222222222222,0.15928571428571428
GMR ENERG,9.514172043010753,9.51304964539007,9.231183800623054,10.326638888888889,10.053467741935483,9.414977777777777,8.949090909090907,9.910387096774194,9.811296296296296,9.903333333333332,9.59610800744879,9.626516007532958
GPGSL (GVK),5.0682580645161295,5.434468085106383,6.100467289719626,6.599500000000001,6.547822580645161,6.525266666666666,6.154090909090909,6.2221290322580645,5.883055555555556,5.970060606060606,5.614189944134078,5.056214689265536
GREL,0.354,0.3435460992907801,0.25640186915887847,0.0,0.0,0.0,0.0,0.0,0.2582222222222222,0.3163636363636364,0.2689385474860335,0.3047457627118644
GVKP&IL,0.064,0.05560283687943263,0.04635514018691589,0.0,0.0,0.0,0.0,0.0,0.04044444444444444,0.04727272727272728,0.042122905027932964,0.04553672316384181
Gujarat,73.86432258064515,74.72531914893618,79.49383177570094,83.00391666666665,81.46959677419355,81.74900000000001,71.4451948051948,79.524,97.24061111111112,85.0278918918919,75.90150837988827,76.51316384180791
HBPCL,4.512774193548387,4.112624113475177,4.784579439252337,8.7775,20.27008064516129,27.333133333333336,30.450714285714284,29.66109677419355,20.683,7.7641212121212115,5.975921787709497,5.5710169491525425
HEL,7.005548387096773,10.132482269503546,11.938084112149532,12.277916666666666,12.133064516129032,12.3624,12.097662337662337,11.969548387096774,11.742611111111112,11.726060606060607,11.587039106145252,11.343728813559322
HMEL,0.9145967741935483,1.3567500000000001,0.6423831775700934,1.0950833333333334,1.145967741935484,1.6532,1.5998051948051948,1.591225806451613,1.5521333333333334,0.9905925925925925,1.1685999999999999,1.0434931506849314
HNPC,9.525290322580645,8.510070921985816,8.70411214953271,9.79225,9.668870967741936,9.046999999999999,8.210129870129869,7.483612903225807,8.69,9.546181818181818,9.221173184357541,9.446949152542373
HSPCL,0.16411290322580643,0.13330357142857144,0.14040983606557375,0.05333333333333334,0.26245901639344266,0.26337837837837835,0.263202614379085,0.3035947712418301,0.19865168539325842,0.11359756097560975,-0.034487179487179484,-0.04082191780821918
Haryana,29.322580645161292,28.56382978723404,28.639392523364485,29.472083333333334,28.21556451612903,30.40346666666667,30.72876623376623,30.604774193548387,29.540333333333333,27.965459459459456,26.41441340782123,28.438361581920905
Himachal Pradesh,8.82341935483871,9.502056737588653,8.645560747663552,13.110666666666667,20.52016129032258,24.1724,27.112337662337662,21.060193548387097,21.17527777777778,12.544216216216215,9.311452513966481,8.583107344632769
IAEPL,-0.01703225806451613,0.02319148936170213,0.011308411214953271,-0.08991666666666666,0.0039516129032258086,0.05506666666666667,0.04844155844155844,0.016709677419354838,-0.06322222222222222,-0.06381818181818182,-0.009832402234636871,0.027570621468926554
IBPIL,0.0,0.0,0.0,0.0,0.0,0.0,0.0,0.0,0.0,0.0,0.0,0.0
ICCL,0.035419354838709664,0.17099290780141843,0.03495327102803738,0.1385,0.20185483870967744,0.027333333333333338,0.11441558441558443,0.029225806451612903,0.0631111111111111,0.233030303030303,0.1928491620111732,0.25824858757062147
IEL,0.0,0.0,0.0,0.0,0.0,0.0,0.0,0.0,0.0,0.0,0.0,0.0
IEPL,0.388,0.38921985815602833,0.27995327102803735,0.55,0.48935483870967744,0.3848666666666667,0.4294155844155845,0.40206451612903227,0.3616666666666667,0.33915151515151515,0.2858100558659218,0.27367231638418077
ITPCL,17.07283870967742,17.489432624113473,16.827757009345795,18.295749999999998,18.07241935483871,12.4212,10.167922077922077,12.080967741935483,16.422555555555554,15.568424242424243,16.22905027932961,14.3925988700565
JHAPL,6.943548387096774,7.135673758865249,7.227616822429907,9.093083333333334,8.787500000000001,8.774533333333334,8.482402597402597,4.9070967741935485,7.125055555555556,7.5360000000000005,7.462793296089385,7.487627118644068
JITPL,13.156193548387098,13.465390070921986,12.783317757009346,12.30575,13.387338709677419,13.798866666666667,12.146168831168831,10.782322580645161,12.739333333333333,14.087333333333332,13.121061452513967,12.797062146892655
JPL,27.325032258064518,27.112340425531915,28.080514018691588,32.455416666666665,31.751048387096777,31.03933333333333,27.102337662337664,30.302387096774194,28.86905555555556,29.74878787878788,28.13882681564246,28.401073446327683
JPPVL,13.763322580645161,14.086950354609929,13.531752336448598,16.5855,17.502903225806453,18.661666666666665,11.97327922077922,15.85332258064516,16.000500000000002,14.919151515151514,14.558016759776535,14.204124293785311
JSWBL,19.092903225806452,19.336071428571426,19.313793103448276,19.329666666666665,19.16774193548387,19.295,19.207666666666668,19.16516129032258,19.293666666666663,19.33857142857143,19.259833333333333,19.147358490566038
JSWEL,15.177225806451611,15.479326241134752,14.180397196261682,12.268875000000001,12.618306451612904,12.566066666666668,11.903051948051948,12.703967741935484,13.18288888888889,12.658515151515152,12.796145251396648,13.395225988700565
Jammu and Kashmir,4.10741935483871,4.65581560283688,6.548644859813084,10.343666666666667,21.860887096774192,23.751533333333334,23.14642857142857,23.419225806451614,15.655944444444446,7.995945945945946,5.145083798882681,4.653446327683616
JhPL(HR),17.25941935483871,16.157446808510638,15.934252336448598,14.594,19.299999999999997,19.573866666666667,19.025714285714287,19.12393548387097,17.94838888888889,17.362484848484847,16.662402234636872,17.646836158192087
Jharkhand,5.7382580645161285,5.426170212765958,5.438878504672897,6.247,6.030887096774194,6.085933333333333,4.131298701298702,4.532645161290323,6.347666666666666,6.191027027027027,5.896536312849162,6.018079096045198
K.B.U.N.L,6.999096774193548,6.848368794326241,7.048831775700934,7.633333333333334,7.485,7.538466666666666,5.973506493506493,7.32774193548387,6.804388888888889,6.772848484848485,6.356368715083799,6.382429378531074
KONA,0.0,0.0,0.0,0.0,0.0,0.0,0.0,0.0,0.0,0.0,0.0,0.0
KONDAPALI,3.0881290322580646,2.986737588652482,3.545327102803738,2.252416666666667,2.3888709677419357,2.2098,2.216428571428571,2.2924516129032257,2.43790243902439,2.8821212121212123,2.795195530726257,2.9227683615819213
KWPCL,2.257096774193548,2.2178823529411766,1.145909090909091,0.0,0.0,-0.15200000000000002,0.0,0.0,2.124888888888889,2.2304347826086954,2.225505617977528,2.28
Karnataka,92.73045161290322,99.4118439716312,99.37593457943926,104.50283333333333,96.84,90.0656,89.2277922077922,91.05845161290323,87.105,88.60427027027028,88.18972067039105,90.9425988700565
Kerala,12.480258064516129,15.651985815602835,19.647943925233644,20.518666666666668,19.01975806451613,14.556599999999998,16.851493506493508,17.648193548387095,18.668277777777778,16.328972972972974,14.12245810055866,12.829887005649717
L&T,0.03763440860215052,0.03869047619047619,0.2746153846153846,0.10852173913043478,0.4381967213114754,0.4945945945945946,0.8963398692810457,0.8360130718954248,0.7525000000000001,0.17261194029850746,0.1952755905511811,0.08347826086956521
LANCO,11.570451612903227,11.808085106382979,11.022383177570093,11.82725,11.805403225806451,11.536666666666667,10.317792207792207,10.227677419354839,10.789722222222222,10.46339393939394,10.724245810055866,10.71542372881356
LAPPL,23.34051612903226,23.905248226950352,19.095,22.299083333333332,23.73725806451613,24.200666666666667,22.82857142857143,22.96174193548387,23.08866666666667,18.410545454545453,20.039441340782123,22.61915254237288
LBPL,0.0,0.0,0.0,0.0,0.0,0.0,0.0,0.0,0.0,0.0,0.0,0.0
LPGCL,27.173161290322582,19.518936170212765,23.89182242990654,29.25433333333333,28.696532258064515,28.92573333333333,27.792662337662335,27.68741935483871,27.058555555555554,26.688727272727274,26.516536312849162,25.767627118644068
LVS POWER,0.0,0.0,0.0,0.0,0.0,0.0,0.0,0.0,0.0,0.0,0.0,0.0
LVTPL,0.0,0.0,0.0,0.0,0.0,0.0,0.0,0.0,0.0,0.0,0.0,0.0
MADURAI P,0.0,0.0,0.0,-0.0525,-0.0846774193548387,0.0,0.0,0.0,0.0,0.0,0.0,0.0
MBPC,0.3582258064516129,0.41500000000000004,0.289,0.10283333333333333,0.18306451612903224,0.2946666666666667,1.067391304347826,0.9554838709677419,0.8661111111111112,0.8231506849315069,0.16855555555555554,0.18595238095238095
MBPMPL,16.95709677419355,17.1431914893617,17.613457943925233,19.90775,19.426854838709676,19.348666666666666,18.273636363636363,16.692967741935483,16.82322222222222,17.554303030303032,17.46463687150838,17.467118644067796
MCCPL,5.194709677419355,5.2906382978723405,5.190560747663551,5.749583333333334,5.5905645161290325,5.727799999999999,5.578701298701299,5.1172903225806445,5.410444444444445,5.3044242424242425,5.137541899441341,5.187231638418079
MEL,0.7679354838709678,1.024822695035461,0.7766822429906542,0.51025,0.47991935483870973,0.3984,0.3996753246753247,0.504,0.8694444444444445,0.972848484848485,0.786703910614525,0.9922033898305085
MPCL,-0.02767741935483871,-0.008936170212765958,0.04747663551401869,0.15516666666666667,0.41201612903225804,1.0528666666666666,1.8888311688311687,1.887290322580645,0.9595555555555555,0.055030303030303034,-0.033798882681564245,-0.033220338983050844
MPL,19.418451612903226,21.1231914893617,20.87873831775701,18.410833333333336,20.21758064516129,20.989733333333334,20.61922077922078,19.205290322580645,18.378,20.102363636363634,18.195307262569834,16.76581920903955
MUNPL,8.240064516129033,8.094893617021276,6.962757009345794,11.604333333333333,11.295322580645161,10.794866666666667,12.179090909090908,10.928258064516129,9.099444444444446,9.745575757575757,11.077932960893856,9.45954802259887
Madhya Pradesh,76.0307741935484,76.192695035461,76.68887850467289,78.22600000000001,76.17637096774195,74.21713333333334,60.61454545454545,64.87670967741936,74.13622222222223,80.57194594594594,80.88558659217877,78.21943502824858
Maharashtra,165.03335483870967,171.8226241134752,168.27915887850466,183.92999999999998,176.3908870967742,164.39753333333334,146.93954545454545,153.96954838709678,158.1778888888889,160.63967567567568,156.6441899441341,161.3568361581921
Manipur,0.0,0.0,0.0,0.0,0.0,0.0,0.0,0.0,0.0,0.0,0.0,0.0
Meghalaya,1.1189677419354838,0.9527659574468086,0.8711214953271029,0.66825,1.5392741935483871,2.5841333333333334,3.8340909090909094,4.146838709677419,4.347277777777777,3.34172972972973,1.7861452513966483,1.4560451977401132
NALCO,-0.06090322580645161,-0.010709219858156031,-0.18425233644859812,-0.20358333333333334,-0.12620967741935485,-0.019666666666666662,0.009870129870129876,0.14709677419354839,0.18944444444444444,0.26696969696969697,0.1900558659217877,-0.040225988700564964
NDPL,0.0,0.0,0.0,0.0,0.0,0.0,0.0,0.0,0.0,0.0,0.0,0.0
NEEPCO.,13.75825806451613,13.385673758865249,15.083831775700935,13.189083333333334,19.318064516129034,24.541866666666667,28.848181818181818,29.845354838709675,28.27088888888889,22.872666666666664,17.791843575418994,15.124124293785309
NHDC,9.16574193548387,7.665319148936169,7.717476635514019,4.7370833333333335,3.946451612903226,3.452066666666667,5.59038961038961,8.458,11.321333333333333,8.592363636363636,9.717206703910614,9.476214689265536
NHPC,7.910451612903226,10.556737588652481,16.124657320872274,23.287277777777778,29.818682795698923,34.15262222222222,36.458246753246755,35.67,29.869481481481483,19.06509090909091,12.157318435754188,8.665800376647834
NLC,29.663645161290322,30.47375886524823,29.498200934579437,28.307125,27.160040322580645,24.78023333333333,26.27418831168831,26.987709677419357,27.032083333333333,26.156060606060606,26.383631284916202,26.4078813559322
NPCIL,38.08905376344086,37.6903073286052,41.23850467289719,35.82458333333334,36.14693548387097,38.69022222222222,37.42017316017316,38.59154838709677,38.082537037037035,38.29349494949495,39.730037243947855,38.72702448210923
NPGCL,11.689139784946235,12.268823529411764,10.901315789473685,22.805166666666665,22.495322580645162,18.322,16.24537037037037,15.132903225806452,16.33375,15.964615384615383,17.7795,15.103130434782608
NPGCPL,3.305,3.305,4.955,3.415,3.42,3.415,2.2304347826086954,0.0,0.0,1.6211475409836065,2.23728813559322,2.775
NPL,24.253419354838712,23.252553191489362,19.42658878504673,21.933,24.52959677419355,27.453400000000002,26.962467532467535,26.944516129032255,26.077944444444444,25.82290909090909,23.323966480446927,22.14604519774011
NSPCL,8.179731182795699,8.2901775147929,8.740123456790123,5.988277777777778,6.9645698924731185,7.029333333333334,6.984651162790698,7.246682027649769,7.011791666666666,7.85231884057971,6.771506276150627,6.919869565217391
NTECL,24.286967741935484,24.691985815602838,23.791588785046727,25.305999999999997,24.834032258064518,21.129333333333335,17.795259740259738,21.01483870967742,21.205111111111112,21.411636363636365,21.033798882681566,23.043050847457625
NTPC Ltd.,144.19030967741935,147.1574609929078,147.75866355140187,147.17998333333335,150.3457741935484,148.14605333333333,143.66970129870128,144.00464516129034,138.47396666666668,145.6307515151515,138.6697094972067,140.04126553672316
NTPGPL,0.10666666666666666,0.12,0.08666666666666667,0.0,0.0,0.0,0.0,0.0,0.4540540540540541,0.31568627450980397,0.30873015873015874,0.23643478260869566
NTPL,17.330774193548386,17.76645390070922,17.202009345794394,17.1725,17.238306451612903,15.3878,14.518636363636363,14.517354838709677,15.718055555555555,16.69721212121212,15.944916201117318,16.614802259887007
NUPPL,3.0,3.0,3.0,2.105,3.5100000000000002,3.54,3.5011475409836064,3.5100000000000002,3.54,3.767142857142857,3.54,3.4183018867924533
ONGC,12.282,12.306241134751774,12.435093457943927,9.8015,12.025080645161289,12.306933333333333,12.227142857142857,12.120903225806451,11.700666666666667,11.773636363636363,12.017094972067039,12.02039548022599
Odisha,27.80832258064516,29.994468085106384,31.172429906542053,35.001333333333335,38.19556451612903,34.28046666666666,39.87441558441559,44.416000000000004,45.73066666666667,39.35545945945946,29.952346368715084,26.454011299435027
PENNA,0.48509677419354835,0.7362411347517731,0.30668224299065416,0.618,0.3912096774193548,0.49600000000000005,0.6398051948051948,0.5961290322580646,0.5802777777777778,0.45103030303030306,0.43156424581005587,0.5089265536723164
PGPL,0.27799999999999997,0.2700709219858156,0.20135514018691586,0.0,0.0,0.0,0.0,0.0,0.2131111111111111,0.2527272727272727,0.22195530726256985,0.2434463276836158
PPGCL (Jaypee),22.588451612903228,22.058439716312055,23.865981308411214,23.743083333333335,28.38725806451613,28.12213333333333,27.303506493506493,27.31509677419355,24.797944444444447,23.040848484848482,20.56983240223464,22.74316384180791
PPNPGCL,0.142,0.1350354609929078,0.10163551401869159,0.005916666666666686,0.065,0.052000000000000005,0.051493506493506494,0.052000000000000005,0.1257777777777778,0.1330909090909091,0.13608938547486035,0.1405084745762712
PVUNL,2.52,2.54,2.52,0.0,0.0,0.0,0.0,0.0,4.172,2.78,2.57,2.55
Puducherry,0.03993548387096774,0.060851063829787236,-0.08158878504672898,-0.060250000000000005,-0.01741935483870968,-0.06573333333333332,-0.012467532467532466,-0.0512258064516129,-0.07244444444444445,-0.05697297297297298,-0.05776536312849162,-0.06350282485875706
Punjab,25.700967741935486,26.179148936170215,25.154953271028038,21.692166666666665,28.15774193548387,31.067600000000002,31.441493506493504,30.878129032258062,30.80388888888889,25.86875675675676,24.80826815642458,25.550282485875705
RATTANINDIA,11.891032258064516,11.877985074626865,12.513962264150944,15.445,16.141048387096774,15.221400000000001,14.412077922077922,13.896258064516129,13.537222222222221,13.317030303030302,13.245307262569831,13.158022598870058
REGL,3.0988709677419353,2.9380357142857143,2.8411666666666666,8.741833333333334,8.388548387096774,8.2235,5.67,5.504086021505376,4.315888888888889,8.188630136986301,5.970444444444444,3.4860714285714285
RELIANCE,0.0,0.0,0.0,0.0,0.0,0.0,0.0,0.0,0.0,0.0,0.0,0.0
RGPPL,10.544193548387096,10.829574468085106,11.352383177570093,9.226583333333334,8.981370967741936,10.197866666666668,10.466363636363637,10.32567741935484,10.312388888888888,10.918606060606061,10.421731843575419,10.722655367231638
RIL (DAHANU),10.486129032258065,10.476785714285715,10.446290322580644,10.3785,10.251290322580646,10.386833333333334,10.420322580645163,10.453387096774193,10.42288888888889,10.474285714285713,10.477627118644067,6.590322580645162
RKMPPL,7.835612903225806,9.644964539007093,8.652429906542055,11.72975,11.397499999999999,10.704733333333333,9.544155844155844,8.798064516129033,9.427666666666667,9.581333333333333,9.032905027932962,8.537740112994351
RPSCL,16.288064516129033,16.723333333333336,18.96004672897196,19.62125,19.282661290322583,19.465533333333333,18.724155844155845,18.642709677419354,19.078944444444446,19.193575757575758,15.6963687150838,15.96672316384181
RWPL (JSW),18.119112903225805,18.365309734513275,18.468972972972974,18.113111111111113,18.29774193548387,18.947583333333334,18.67032258064516,18.78540322580645,18.756733333333333,18.172307692307694,18.28705882352941,18.401209677419356
Rajasthan,114.11174193548386,116.42340425531916,115.10887850467289,110.59883333333333,111.03814516129032,112.88220000000001,98.82948051948051,102.24206451612903,104.24799999999999,108.1832972972973,112.94279329608938,114.82531073446329
SAMALPATI,0.0,0.0,0.0,0.0,0.0,0.0,0.0,0.0,0.0,0.0,0.0,0.0
SCPL,1.4481935483870967,1.445886524822695,1.325373831775701,1.591,1.6091935483870967,1.5966,1.6082467532467533,1.589225806451613,1.4017777777777778,1.3866666666666667,1.352290502793296,1.3997175141242937
SEIL,52.40120967741935,52.053416666666664,47.9064953271028,46.94108333333334,46.29266129032258,41.2928,41.96,46.67729032258064,46.88413333333333,44.6642962962963,42.47893333333334,49.075136986301374
SEL,2.90233870967742,2.612300884955752,2.837351351351351,2.0325555555555557,1.9301075268817205,1.2705833333333334,1.282016129032258,1.2642741935483872,2.6944000000000004,2.8725384615384617,2.8391596638655465,2.9650000000000003
SEPCPPL,4.1,4.07,4.06,4.7825,4.674032258064516,4.7,4.674098360655738,4.711935483870968,4.5616666666666665,5.085238095238095,4.820000000000001,4.714339622641509
SEPL,0.5870967741935483,0.6279921259842519,0.496272040302267,-0.0019523809523809528,0.05069124423963134,0.48514814814814816,0.8173285198555957,0.8255555555555556,1.222,0.9855018587360593,0.6680906148867314,0.5286377708978328
SGPL,10.173870967741935,10.169642857142858,10.08290322580645,23.72233333333333,23.708064516129035,23.732333333333333,23.738064516129032,23.738064516129032,16.70116666666667,17.064590163934426,12.032857142857143,10.065806451612904
SJVNL,8.079548387096773,7.596170212765957,9.087102803738318,14.201916666666667,31.99225806451613,42.512,43.97461038961039,44.33309677419355,34.809222222222225,19.274363636363635,13.162402234636872,9.458135593220339
SKPPPL,-0.02645161290322581,-0.012553191489361702,-0.028831775700934578,0.26508333333333334,0.859758064516129,1.3688,1.5765584415584415,1.6390322580645162,1.295388888888889,0.7138787878787879,-0.1070949720670391,-0.05073446327683616
SKS,3.9686451612903224,3.4456028368794325,4.217570093457944,4.772916666666666,4.730725806451613,5.283,5.005974025974026,4.9325161290322574,4.136833333333334,3.8115151515151515,3.9837988826815645,3.042768361581921
SMHPCL,0.0,0.0,0.0,0.0,0.0,0.0,0.0,0.0,0.0,0.0,0.0,0.0
SPGL,2.2379354838709675,2.2826241134751775,2.400093457943925,1.7559166666666668,1.6991129032258063,1.9398666666666669,1.8311038961038961,1.9230967741935483,1.957888888888889,2.0224242424242425,1.991173184357542,2.043389830508475
SPL,86.56406451612904,88.04567375886525,86.78355140186916,88.20425,88.88661290322581,82.30646666666667,77.40876623376624,77.82051612903226,82.31883333333333,85.71939393939394,86.04167597765363,86.79463276836158
SPPL,0.0,0.0,0.0,0.0,0.0,0.0,0.0,0.0,-0.002322580645161291,0.0,0.0,0.0
ST-CMSECP,3.3868387096774195,3.4297163120567378,3.279018691588785,3.2968333333333333,3.2533870967741936,3.4458,1.0872077922077923,3.0528387096774194,3.4316111111111116,3.562242424242424,3.0385474860335195,2.9588700564971755
STPL,0.0,0.9612871287128711,0.15488636363636363,0.0,0.0,0.0,0.0,0.0,0.0,0.0,0.0,0.0
SVPPL,0.22309677419354837,0.23099290780141843,0.02257009345794395,-0.09449999999999999,-0.028387096774193547,0.09946666666666666,0.10850649350649351,0.06335483870967742,0.09922222222222224,0.14145454545454544,0.14094972067039108,0.2533898305084746
Sikkim,4.814322580645161,4.537943262411348,5.795140186915888,8.831166666666666,10.64225806451613,22.678066666666666,26.250714285714288,26.00090322580645,23.129,15.603513513513514,8.517988826815643,5.661299435028249
SrEPL,1.5758709677419354,1.5361702127659573,1.631355140186916,1.7700833333333332,1.718467741935484,1.8969333333333334,1.8812337662337661,1.9063870967741936,1.7154444444444443,1.6166060606060606,1.7030167597765362,1.664011299435028
TATA MAH.,3.418774193548387,3.176950354609929,3.384485981308411,3.5855,3.42258064516129,3.5671333333333335,3.8166233766233764,3.8551612903225805,3.2248333333333337,3.3786666666666667,3.100893854748603,2.921412429378531
TATA PCL,8.377129032258065,9.1877304964539,10.12714953271028,9.98625,9.849193548387097,10.1264,9.687077922077922,9.079774193548387,9.51325,9.20060606060606,9.021759776536312,8.299406779661018
THDC,11.553354838709676,11.08822695035461,9.55518691588785,8.664333333333333,7.961451612903226,8.082666666666666,6.761623376623376,23.913677419354837,12.0845,8.19260606060606,9.078156424581005,12.04728813559322
TOR. POW. (SUGEN),13.685935483870969,11.859290780141844,15.176308411214954,15.103666666666667,15.119838709677419,15.528266666666665,15.508571428571429,15.566193548387096,14.687055555555556,14.785030303030304,13.938156424581004,13.411694915254238
TOR. POW. (UNOSUGEN),8.201225806451614,8.843120567375886,8.141542056074766,9.704916666666666,9.766129032258064,10.164533333333333,9.988961038961039,9.774516129032257,9.337944444444444,8.609333333333334,6.652067039106146,7.465254237288135
TPCIL,22.04516129032258,22.117619047619048,0.0,0.0,0.0,0.0,0.0,0.0,22.05666666666667,21.915000000000003,21.988275862068964,22.00483870967742
TPDDL,0.0,0.0,0.0,0.0,0.0,0.0,0.0,0.0,0.0,0.0,0.0,0.0
TRNE,9.136193548387096,9.367304964539008,9.311542056074767,9.529666666666666,8.237177419354838,7.580333333333333,8.04603896103896,8.644645161290324,8.155111111111111,8.160545454545455,8.03050279329609,7.367231638418079
TSPL,29.839290322580645,28.049574468085105,30.895280373831778,28.676,32.28709677419355,34.06286666666667,32.86038961038961,32.62309677419355,30.3215,27.738363636363637,24.142569832402238,30.084237288135594
Tamil Nadu,90.74387096774193,91.26709219858157,86.86892523364486,93.93900000000001,92.24064516129032,83.03966666666668,75.99,76.39858064516129,88.59994444444445,94.73470270270269,90.55927374301676,88.98790960451977
Telangana,91.39483870967743,91.53822695035461,91.99504672897196,98.47758333333333,96.05758064516128,91.46520000000001,87.88084415584416,101.32522580645161,108.45933333333333,101.4388108108108,91.87759776536313,92.69497175141242
Tripura,0.8787741935483872,0.8195035460992908,0.888411214953271,0.8938333333333334,0.9280645161290323,1.071,1.0353896103896103,1.0293548387096776,1.088,1.0332432432432432,0.853072625698324,0.8689265536723164
UPCL,15.239999999999998,16.60723404255319,17.460093457943927,13.315750000000001,14.916854838709678,12.526933333333334,13.304285714285715,14.05,14.412555555555555,14.747515151515152,15.26536312849162,14.698418079096044
Uttar Pradesh,92.70767741935484,88.08985815602837,84.74789719626168,94.98816666666667,100.3817741935484,102.29853333333334,100.13318181818182,101.73612903225806,102.7135,98.18854054054054,89.97435754189944,87.79576271186441
Uttarakhand,6.940064516129032,7.210921985815603,7.4332242990654205,9.92775,13.609596774193548,16.421666666666667,17.026948051948054,17.35393548387097,17.766388888888887,12.416918918918919,7.67977653631285,6.937118644067796
VASAVI,0.0,0.0,0.0,0.0,0.0,0.0,0.0,0.0,0.0,0.0,0.0,0.0
VEDANTA,2.4987096774193547,2.722857142857143,2.74,5.4590000000000005,5.009354838709677,5.0,4.921333333333333,5.210967741935484,5.238,4.514571428571428,3.4555000000000002,3.2526415094339627
VEMAGIRI,0.22,0.22042553191489364,0.155,0.0,0.0,0.0,0.0,0.0,0.17111111111111113,0.2,0.1782122905027933,0.19265536723163842
VESPL,0.0,0.0,0.0,0.0,0.0,0.0,0.0,0.0,0.0,0.0,0.0,0.0
VIP,5.924,5.071631205673759,7.377803738317756,4.75075,4.747983870967742,5.088333333333333,4.832207792207792,4.830709677419355,5.688666666666667,5.885939393939394,5.2918994413407825,5.580395480225989
VVL,0.0,0.0,0.0,0.0,0.0,0.0,0.0,0.0,0.0,0.0,0.0,0.0
WPCL,26.104064516129032,26.196312056737586,26.383644859813085,30.29008333333333,29.663629032258065,27.130133333333333,25.799675324675324,24.958645161290324,22.443277777777777,26.712484848484852,26.902067039106146,27.19870056497175
West Bengal,74.51948387096775,77.63730496453901,78.12976635514019,84.00383333333333,82.77895161290323,80.25206666666666,77.07441558441558,72.40806451612903,77.36772222222223,79.96475675675676,71.72832402234637,73.10299435028249
